<?xml version="1.0" encoding="UTF-8" standalone="no"?>
<configuration>
    <feature automatic="selected" name="Editor"/>
    <feature automatic="selected" name="OS"/>
    <feature manual="selected" name="Windows"/>
    <feature automatic="unselected" name="MacOS"/>
    <feature automatic="unselected" name="Android"/>
    <feature automatic="unselected" name="Linux"/>
    <feature automatic="selected" name="Input"/>
    <feature automatic="selected" name="Text"/>
    <feature automatic="selected" manual="selected" name="Language"/>
    <feature automatic="unselected" name="German"/>
    <feature manual="selected" name="English"/>
    <feature automatic="unselected" name="Spanish"/>
    <feature manual="selected" name="Addition"/>
    <feature manual="selected" name="Subtraction"/>
    <feature automatic="selected" name="Highlighting"/>
    <feature manual="selected" name="TextBlack"/>
    <feature automatic="unselected" name="TextWhite"/>
    <feature automatic="selected" name="Design"/>
    <feature automatic="selected" name="BackgroundColor"/>
    <feature automatic="unselected" name="BackgroundBlack"/>
    <feature automatic="selected" name="BackgroundWhite"/>
</configuration>
